{
 "id": "10",
 "name": "T",
 "surname": "T",
 "age": 25.0,
 "weight": 57.0,
 "height": 166.0,
 "sex": "F",
 "handLength": 16.5,
 "prefix_file_name": "S10",
 "shoulderPos": [
  309.0,
  1333.6
 ],
 "traj2DOrder": [
  "Trial_100.0_3.5_0",
  "Trial_80.0_3.5_0",
  "Trial_80.0_3.5_1",
  "Trial_80.0_3.5_2",
  "Trial_60.0_3.5_3",
  "Trial_60.0_3.5_4"
 ],
 "mvc": [
  0.5176836920138685,
  0.5606400737122393,
  0.5644344539027203,
  0.4034554111257107,
  0.333385797838379,
  0.5255573284950255,
  0.23672249058777228,
  0.45464064847745195
 ],
 "measures": {
  "acroCervic": 0.13355562071766447,
  "acroClav": 0.1609256412027949,
  "arm": 0.28760788613401717,
  "elbowWidth": 0.05710137972040542,
  "forearm": 0.2288751143110187,
  "wristWidth": 0.06379422275634535,
  "hand": 0.185
 },
 "masses": {
  "arm": 1.596,
  "forearm": 0.912,
  "hand": 0.342,
  "forearmHand": 1.254
 },
 "coms": {
  "arm": 0.12539703835443147,
  "forearm": 0.09841629915373803,
  "hand": 0.09361,
  "forearmHand": 0.1595259760148146
 },
 "taskPos": {
  "startWrist": [
   -453.4,
   43.8,
   1084.4
  ],
  "startWeight": [
   -386.1,
   -28.6,
   1156.5
  ],
  "endWrist": [
   -451.1,
   -140.3,
   1234.7
  ],
  "endWeight": [
   -380.7,
   -210.8,
   1312.8
  ]
 }
}