{
 "id": "05",
 "name": "S",
 "surname": "H",
 "age": 29.0,
 "weight": 67.0,
 "height": 178.0,
 "sex": "M",
 "handLength": 19.0,
 "prefix_file_name": "S05",
 "shoulderPos": [
  294.4,
  1433.2
 ],
 "traj2DOrder": [
  "Trial_100.0_3.5_0",
  "Trial_100.0_3.5_1",
  "Trial_100.0_3.5_2",
  "Trial_100.0_3.5_3",
  "Trial_100.0_3.5_4"
 ],
 "mvc": [
  0.8398018609736281,
  0.6698543329994844,
  1.1755195023643046,
  0.8613926923716341,
  1.3281587383231537,
  1.402916882529265,
  0.42802864688745124,
  0.7050469331273517
 ],
 "measures": {
  "acroCervic": 0.19308610697440864,
  "acroClav": 0.19747376258690444,
  "arm": 0.3243056334498419,
  "elbowWidth": 0.07650591410879437,
  "forearm": 0.2654678338139278,
  "wristWidth": 0.0734609545859791,
  "hand": 0.185
 },
 "masses": {
  "arm": 1.8760000000000001,
  "forearm": 1.072,
  "hand": 0.402,
  "forearmHand": 1.4740000000000002
 },
 "coms": {
  "arm": 0.14139725618413107,
  "forearm": 0.11415116853998895,
  "hand": 0.09361,
  "forearmHand": 0.18094934997833595
 },
 "taskPos": {
  "startWrist": [
   -454.3,
   34.1,
   1076.2
  ],
  "startWeight": [
   -393.2,
   -49.3,
   1142.4
  ],
  "endWrist": [
   -427.0,
   -239.7,
   1282.7
  ],
  "endWeight": [
   -359.1,
   -307.6,
   1359.8
  ]
 }
}