{
 "id": "14",
 "name": "A",
 "surname": "F",
 "age": 24.0,
 "weight": 54.0,
 "height": 158.0,
 "sex": "F",
 "handLength": 16.5,
 "prefix_file_name": "S14",
 "shoulderPos": [
  313.6,
  1254.7
 ],
 "traj2DOrder": [
  "Trial_100.0_3.5_0",
  "Trial_100.0_3.5_1",
  "Trial_100.0_3.5_2",
  "Trial_100.0_3.5_3",
  "Trial_100.0_3.5_4"
 ],
 "mvc": [
  0.999145218248847,
  0.5774940651801715,
  0.21040080976218115,
  0.4106047195760029,
  0.2781713854499481,
  0.47497667544206945,
  0.2131710334749791,
  0.33597120683104104
 ],
 "measures": {
  "acroCervic": 0.16312278208422926,
  "acroClav": 0.17721843096960133,
  "arm": 0.3037779934605832,
  "elbowWidth": 0.06971819671109493,
  "forearm": 0.20832478099243626,
  "wristWidth": 0.06526773814660577,
  "hand": 0.185
 },
 "masses": {
  "arm": 1.512,
  "forearm": 0.864,
  "hand": 0.324,
  "forearmHand": 1.188
 },
 "coms": {
  "arm": 0.13244720514881428,
  "forearm": 0.0895796558267476,
  "hand": 0.09361,
  "forearmHand": 0.1474946899628445
 },
 "taskPos": {
  "startWrist": [
   -456.5,
   1.2,
   965.4
  ],
  "startWeight": [
   -374.6,
   -41.0,
   1039.1
  ],
  "endWrist": [
   -457.7,
   -167.3,
   1142.6
  ],
  "endWeight": [
   -380.4,
   -228.5,
   1214.6
  ]
 }
}