{
 "age": 41.0,
 "sex": "M",
 "weight": 69.0,
 "height": 181.0,
 "masses": {
  "arm": 1.932,
  "forearm": 1.104,
  "hand": 0.41400000000000003
 },
 "measures": {
  "arm": 0.3443553714540044,
  "elbowWidth": 0.07825274948158523,
  "forearm": 0.25909161763303157,
  "wristWidth": 0.07538154472787026,
  "hand": 0.185
 }
}