{
 "age": 26.0,
 "sex": "M",
 "weight": 81.0,
 "height": 177.0,
 "masses": {
  "arm": 2.2680000000000002,
  "forearm": 1.296,
  "hand": 0.486
 },
 "measures": {
  "arm": 0.32283990671215734,
  "elbowWidth": 0.07786836627384797,
  "forearm": 0.25952017047342557,
  "wristWidth": 0.07235692998752968,
  "hand": 0.185
 }
}