{
 "age": 43.0,
 "sex": "F",
 "weight": 71.0,
 "height": 172.0,
 "masses": {
  "arm": 1.988,
  "forearm": 1.1360000000000001,
  "hand": 0.426
 },
 "measures": {
  "arm": 0.36691485115841244,
  "elbowWidth": 0.07087695959655312,
  "forearm": 0.2473245454909621,
  "wristWidth": 0.07482385509615176,
  "hand": 0.185
 }
}