{
 "id": "06",
 "name": "J",
 "surname": "B",
 "age": 34.0,
 "weight": 75.0,
 "height": 182.0,
 "sex": "M",
 "handLength": 19.0,
 "prefix_file_name": "S06",
 "shoulderPos": [
  286.9,
  1459.9
 ],
 "traj2DOrder": [
  "Trial_100.0_3.5_0",
  "Trial_100.0_3.5_1",
  "Trial_100.0_3.5_2",
  "Trial_100.0_3.5_3",
  "Trial_100.0_3.5_4"
 ],
 "mvc": [
  0.7236284909950479,
  0.8195673613277116,
  1.5089614775725233,
  0.5939837839407218,
  1.4052021009050384,
  0.8782022988555103,
  1.2718640716939618,
  0.46849718312475097
 ],
 "measures": {
  "acroCervic": 0.2203045179726967,
  "acroClav": 0.18502818207978794,
  "arm": 0.34842690415538186,
  "elbowWidth": 0.08913315526814865,
  "forearm": 0.2569687331732932,
  "wristWidth": 0.07288951171576016,
  "hand": 0.185
 },
 "masses": {
  "arm": 2.1,
  "forearm": 1.2,
  "hand": 0.45,
  "forearmHand": 1.65
 },
 "coms": {
  "arm": 0.1519141302117465,
  "forearm": 0.11049655526451609,
  "hand": 0.09361,
  "forearmHand": 0.17597351287600077
 },
 "taskPos": {
  "startWrist": [
   -429.7,
   -62.2,
   1115.7
  ],
  "startWeight": [
   -349.7,
   -103.0,
   1201.0
  ],
  "endWrist": [
   -408.6,
   -280.4,
   1308.6
  ],
  "endWeight": [
   -328.3,
   -314.4,
   1391.3
  ]
 }
}