{
 "id": "09",
 "name": "A",
 "surname": "a",
 "age": 28.0,
 "weight": 79.0,
 "height": 172.0,
 "sex": "M",
 "handLength": 19.5,
 "prefix_file_name": "S09",
 "shoulderPos": [
  311.6,
  1433.9
 ],
 "traj2DOrder": [
  "Trial_100.0_3.5_0",
  "Trial_100.0_3.5_1",
  "Trial_100.0_3.5_2",
  "Trial_100.0_3.5_3",
  "Trial_100.0_3.5_4"
 ],
 "mvc": [
  0.2694422319345087,
  0.18025174413223882,
  0.3356579487786395,
  0.7064973417568181,
  0.3934942112819748,
  0.8525283475848181,
  0.29835461756139325,
  0.5280472280875439
 ],
 "measures": {
  "acroCervic": 0.1804904026159654,
  "acroClav": 0.1800051433907558,
  "arm": 0.37834786029892564,
  "elbowWidth": 0.08121545157810971,
  "forearm": 0.27033572513287507,
  "wristWidth": 0.07137601444753292,
  "hand": 0.185
 },
 "masses": {
  "arm": 2.212,
  "forearm": 1.264,
  "hand": 0.47400000000000003,
  "forearmHand": 1.738
 },
 "coms": {
  "arm": 0.16495966709033158,
  "forearm": 0.11624436180713628,
  "hand": 0.09361,
  "forearmHand": 0.18379927907779234
 },
 "taskPos": {
  "startWrist": [
   -443.9,
   -47.2,
   1076.4
  ],
  "startWeight": [
   -367.4,
   -94.0,
   1152.1
  ],
  "endWrist": [
   -430.4,
   -253.5,
   1294.5
  ],
  "endWeight": [
   -348.7,
   -288.2,
   1379.2
  ]
 }
}