{
 "age": 22.0,
 "sex": "F",
 "weight": 52.0,
 "height": 159.0,
 "masses": {
  "arm": 1.456,
  "forearm": 0.8320000000000001,
  "hand": 0.312
 },
 "measures": {
  "arm": 0.27580445939357884,
  "elbowWidth": 0.06874779858493617,
  "forearm": 0.2275435752602347,
  "wristWidth": 0.06779162733202097,
  "hand": 0.185
 }
}