{
 "age": 23.0,
 "sex": "F",
 "weight": 63.0,
 "height": 172.0,
 "masses": {
  "arm": 1.764,
  "forearm": 1.008,
  "hand": 0.378
 },
 "measures": {
  "arm": 0.32151102949690274,
  "elbowWidth": 0.08008945162564397,
  "forearm": 0.24253176768899956,
  "wristWidth": 0.06691434149905731,
  "hand": 0.185
 }
}