{
 "age": 24.0,
 "sex": "M",
 "weight": 77.5,
 "height": 184.0,
 "masses": {
  "arm": 2.17,
  "forearm": 1.24,
  "hand": 0.465
 },
 "measures": {
  "arm": 0.3650250084535965,
  "elbowWidth": 0.07708623335957722,
  "forearm": 0.28618077434867,
  "wristWidth": 0.07781531470023798,
  "hand": 0.185
 }
}