{
 "age": 33.0,
 "sex": "M",
 "weight": 83.0,
 "height": 187.0,
 "masses": {
  "arm": 2.324,
  "forearm": 1.328,
  "hand": 0.498
 },
 "measures": {
  "arm": 0.3560082076636706,
  "elbowWidth": 0.08601422176790383,
  "forearm": 0.2753362388132314,
  "wristWidth": 0.07870381230026222,
  "hand": 0.185
 }
}