{
 "age": 27.0,
 "sex": "F",
 "weight": 58.0,
 "height": 168.0,
 "masses": {
  "arm": 1.624,
  "forearm": 0.928,
  "hand": 0.34800000000000003
 },
 "measures": {
  "arm": 0.31009712434068437,
  "elbowWidth": 0.05816511823075917,
  "forearm": 0.2509736563278446,
  "wristWidth": 0.06873970258578287,
  "hand": 0.185
 }
}