{
 "id": "03",
 "name": "M",
 "surname": "L",
 "age": 29.0,
 "weight": 75.0,
 "height": 173.0,
 "sex": "F",
 "handLength": 19.0,
 "prefix_file_name": "S03",
 "shoulderPos": [
  291.4,
  1346.9
 ],
 "traj2DOrder": [
  "Trial_100.0_3.5_0",
  "Trial_100.0_3.5_1",
  "Trial_100.0_3.5_2",
  "Trial_100.0_3.5_3",
  "Trial_100.0_3.5_4"
 ],
 "mvc": [
  0.33320400821332186,
  0.16899058071156942,
  0.2737784767255263,
  0.35944410535652305,
  0.26044521594226844,
  0.5866933202399811,
  0.2039845432957219,
  0.3275079838770238
 ],
 "measures": {
  "acroCervic": 0.17904227291801772,
  "acroClav": 0.15378339368700406,
  "arm": 0.35342866495669595,
  "elbowWidth": 0.07835347544444042,
  "forearm": 0.26570265765399487,
  "wristWidth": 0.0698261400391317,
  "hand": 0.185
 },
 "masses": {
  "arm": 2.1,
  "forearm": 1.2,
  "hand": 0.45,
  "forearmHand": 1.65
 },
 "coms": {
  "arm": 0.15409489792111944,
  "forearm": 0.11425214279121779,
  "hand": 0.09361,
  "forearmHand": 0.1810868286628843
 },
 "taskPos": {
  "startWrist": [
   -417.7,
   -9.2,
   1004.5
  ],
  "startWeight": [
   -337.5,
   -80.1,
   1078.7
  ],
  "endWrist": [
   -402.9,
   -274.2,
   1286.7
  ],
  "endWeight": [
   -319.9,
   -335.2,
   1375.4
  ]
 }
}