{
 "id": "01",
 "name": "N",
 "surname": "V",
 "age": 42.0,
 "weight": 78.0,
 "height": 178.0,
 "sex": "M",
 "handLength": 18.3,
 "prefix_file_name": "S01",
 "shoulderPos": [
  302.2,
  1412.1
 ],
 "traj2DOrder": [
  "Trial_100.0_3.5_1",
  "Trial_100.0_3.5_2",
  "Trial_100.0_3.5_3",
  "Trial_100.0_3.5_5",
  "Trial_100.0_3.5_6"
 ],
 "mvc": [
  0.9477745805922443,
  0.5337805578324274,
  0.9318309511850946,
  0.5832716870339854,
  0.6075610495501461,
  0.6934185435786439,
  0.35343501893433,
  0.5431039640078665
 ],
 "measures": {
  "acroCervic": 0.17485504642230276,
  "acroClav": 0.15366837296891364,
  "arm": 0.33983762167927883,
  "elbowWidth": 0.08989785682207692,
  "forearm": 0.25392422118941943,
  "wristWidth": 0.07884573339182416,
  "hand": 0.185
 },
 "masses": {
  "arm": 2.184,
  "forearm": 1.248,
  "hand": 0.468,
  "forearmHand": 1.716
 },
 "coms": {
  "arm": 0.14816920305216558,
  "forearm": 0.10918741511145036,
  "hand": 0.09361,
  "forearmHand": 0.17419108949635104
 },
 "taskPos": {
  "startWrist": [
   -428.7,
   12.2,
   1075.7
  ],
  "startWeight": [
   -360.8,
   -64.3,
   1155.3
  ],
  "endWrist": [
   -415.3,
   -221.4,
   1290.7
  ],
  "endWeight": [
   -332.1,
   -284.1,
   1376.4
  ]
 }
}