{
 "id": "02",
 "name": "R",
 "surname": "S",
 "age": 19.0,
 "weight": 76.0,
 "height": 179.0,
 "sex": "M",
 "handLength": 19.0,
 "prefix_file_name": "S02",
 "shoulderPos": [
  297.7,
  1404.0
 ],
 "traj2DOrder": [
  "Trial_100.0_3.5_0",
  "Trial_100.0_3.5_1",
  "Trial_100.0_3.5_2",
  "Trial_100.0_3.5_3",
  "Trial_100.0_3.5_4"
 ],
 "mvc": [
  0.7508874480306632,
  0.6556159023974408,
  0.448286169602449,
  0.47773691106214533,
  0.8390512465628255,
  0.5670766930472014,
  0.3398664681616041,
  0.4657634826860773
 ],
 "measures": {
  "acroCervic": 0.25034351721385417,
  "acroClav": 0.19774598252307565,
  "arm": 0.3332315776691395,
  "elbowWidth": 0.08157460086738962,
  "forearm": 0.26362280533593224,
  "wristWidth": 0.07847051791247873,
  "hand": 0.185
 },
 "masses": {
  "arm": 2.128,
  "forearm": 1.216,
  "hand": 0.456,
  "forearmHand": 1.672
 },
 "coms": {
  "arm": 0.14528896786374484,
  "forearm": 0.11335780629445086,
  "hand": 0.09361,
  "forearmHand": 0.17986916966940034
 },
 "taskPos": {
  "startWrist": [
   -396.5,
   -23.6,
   1080.7
  ],
  "startWeight": [
   -327.6,
   -86.0,
   1152.7
  ],
  "endWrist": [
   -387.1,
   -256.1,
   1293.3
  ],
  "endWeight": [
   -309.6,
   -318.7,
   1375.6
  ]
 }
}