{
 "age": 25.0,
 "sex": "M",
 "weight": 70.0,
 "height": 172.0,
 "masses": {
  "arm": 1.96,
  "forearm": 1.12,
  "hand": 0.42
 },
 "measures": {
  "arm": 0.3673218872584251,
  "elbowWidth": 0.08141318142551622,
  "forearm": 0.27356654145698434,
  "wristWidth": 0.07157481648278763,
  "hand": 0.185
 }
}