{
 "id": "04",
 "name": "C",
 "surname": "C",
 "age": 19.0,
 "weight": 80.0,
 "height": 185.0,
 "sex": "M",
 "handLength": 19.0,
 "prefix_file_name": "S04",
 "shoulderPos": [
  294.4,
  1468.7
 ],
 "traj2DOrder": [
  "Trial_90.0_3.5_0",
  "Trial_100.0_3.5_1",
  "Trial_100.0_3.5_2",
  "Trial_100.0_3.5_3",
  "Trial_100.0_3.5_4"
 ],
 "mvc": [
  0.7547722069385372,
  0.7147120273009738,
  0.4725551074355241,
  0.39715521981963914,
  0.282165404566945,
  0.5947734457969444,
  0.35391820601186336,
  0.8119552546840426
 ],
 "measures": {
  "acroCervic": 0.21083347245479303,
  "acroClav": 0.1864248611118907,
  "arm": 0.3673518443423104,
  "elbowWidth": 0.07400071521004684,
  "forearm": 0.2634418593831429,
  "wristWidth": 0.07867132488008939,
  "hand": 0.185
 },
 "masses": {
  "arm": 2.24,
  "forearm": 1.28,
  "hand": 0.48,
  "forearmHand": 1.76
 },
 "coms": {
  "arm": 0.16016540413324734,
  "forearm": 0.11327999953475144,
  "hand": 0.09361,
  "forearmHand": 0.17976323403885822
 },
 "taskPos": {
  "startWrist": [
   -392.8,
   -41.7,
   1105.3
  ],
  "startWeight": [
   -315.3,
   -102.0,
   1192.1
  ],
  "endWrist": [
   -378.9,
   -288.8,
   1337.9
  ],
  "endWeight": [
   -305.5,
   -349.8,
   1422.5
  ]
 }
}