{
 "age": 39.0,
 "sex": "M",
 "weight": 96.0,
 "height": 179.0,
 "masses": {
  "arm": 2.688,
  "forearm": 1.536,
  "hand": 0.5760000000000001
 },
 "measures": {
  "arm": 0.36826050121503445,
  "elbowWidth": 0.0800600499462192,
  "forearm": 0.2597552545210989,
  "wristWidth": 0.07659674976510718,
  "hand": 0.185
 }
}