{
 "age": 28.0,
 "sex": "M",
 "weight": 67.0,
 "height": 179,
 "masses": {
  "arm": 1.8760000000000001,
  "forearm": 1.072,
  "hand": 0.402
 },
 "measures": {
  "arm": 0.33879606403218415,
  "elbowWidth": 0.08764464234332889,
  "forearm": 0.2568744191858717,
  "wristWidth": 0.07469531324517992,
  "hand": 0.185
 }
}