{
 "age": 19.0,
 "sex": "M",
 "weight": 68.0,
 "height": 175.0,
 "masses": {
  "arm": 1.9040000000000001,
  "forearm": 1.088,
  "hand": 0.40800000000000003
 },
 "measures": {
  "arm": 0.2979443555352454,
  "elbowWidth": 0.08538159689928566,
  "forearm": 0.24806033784303166,
  "wristWidth": 0.076367805434615,
  "hand": 0.185
 }
}