{
 "age": 26.0,
 "sex": "F",
 "weight": 65.0,
 "height": 177,
 "masses": {
  "arm": 1.82,
  "forearm": 1.04,
  "hand": 0.39
 },
 "measures": {
  "arm": 0.326056343871961,
  "elbowWidth": 0.07762943637771581,
  "forearm": 0.25916580035267356,
  "wristWidth": 0.06564232265356208,
  "hand": 0.185
 }
}