{
 "age": 21.0,
 "sex": "F",
 "weight": 51.0,
 "height": 166.0,
 "masses": {
  "arm": 1.428,
  "forearm": 0.8160000000000001,
  "hand": 0.306
 },
 "measures": {
  "arm": 0.3138348292696826,
  "elbowWidth": 0.06251697280552038,
  "forearm": 0.23752535618524864,
  "wristWidth": 0.0647979285663579,
  "hand": 0.185
 }
}