{
 "age": 25.0,
 "sex": "M",
 "weight": 70.5,
 "height": 173.0,
 "masses": {
  "arm": 1.974,
  "forearm": 1.1280000000000001,
  "hand": 0.423
 },
 "measures": {
  "arm": 0.34029317821830546,
  "elbowWidth": 0.08611248297430882,
  "forearm": 0.2740757399284426,
  "wristWidth": 0.0731542511118832,
  "hand": 0.185
 }
}