{
 "age": 32.0,
 "sex": "M",
 "weight": 80.0,
 "height": 183.0,
 "masses": {
  "arm": 2.24,
  "forearm": 1.28,
  "hand": 0.48
 },
 "measures": {
  "arm": 0.35733143448425914,
  "elbowWidth": 0.08160471183161049,
  "forearm": 0.2755140190925702,
  "wristWidth": 0.07435042647264278,
  "hand": 0.185
 }
}