{
 "id": "12",
 "name": "C",
 "surname": "C",
 "age": 29.0,
 "weight": 83.0,
 "height": 179.0,
 "sex": "M",
 "handLength": 19.5,
 "prefix_file_name": "S12",
 "shoulderPos": [
  311.8,
  1418.4
 ],
 "traj2DOrder": [
  "Trial_100.0_3.5_0",
  "Trial_100.0_3.5_1",
  "Trial_100.0_3.5_2",
  "Trial_100.0_3.5_3",
  "Trial_100.0_3.5_4"
 ],
 "mvc": [
  0.6541476410177188,
  0.4183304407413673,
  0.3331926959076138,
  0.9644889767166551,
  0.41597898298907293,
  0.40490175277305823,
  0.3428577321360608,
  0.1882616939680452
 ],
 "measures": {
  "acroCervic": 0.21559988601560345,
  "acroClav": 0.19112569613732078,
  "arm": 0.3633769089459329,
  "elbowWidth": 0.08872146184879673,
  "forearm": 0.2734387208784785,
  "wristWidth": 0.07169501681811012,
  "hand": 0.185
 },
 "masses": {
  "arm": 2.324,
  "forearm": 1.328,
  "hand": 0.498,
  "forearmHand": 1.826
 },
 "coms": {
  "arm": 0.15843233230042675,
  "forearm": 0.11757864997774574,
  "hand": 0.09361,
  "forearmHand": 0.185615942041582
 },
 "taskPos": {
  "startWrist": [
   -464.0,
   -20.5,
   1012.1
  ],
  "startWeight": [
   -377.0,
   -93.9,
   1099.0
  ],
  "endWrist": [
   -455.3,
   -245.6,
   1228.1
  ],
  "endWeight": [
   -357.9,
   -311.3,
   1320.0
  ]
 }
}