{
 "age": 25.0,
 "sex": "M",
 "weight": 75.0,
 "height": 177.0,
 "masses": {
  "arm": 2.1,
  "forearm": 1.2,
  "hand": 0.45
 },
 "measures": {
  "arm": 0.3653758633378204,
  "elbowWidth": 0.08800128760394504,
  "forearm": 0.25160756555321323,
  "wristWidth": 0.0757071626913428,
  "hand": 0.185
 }
}